order_month,revenue,orders,mom_growth_pct
2016-09,134.97,1,
2016-10,40325.11,265,29777.1
2016-12,10.9,1,-100.0
2017-01,111798.36,750,1025573.0
2017-02,234223.4,1653,109.5
2017-03,359198.85,2546,53.4
2017-04,340669.68,2303,-5.2
2017-05,489338.25,3546,43.6
2017-06,421923.37,3135,-13.8
2017-07,481604.52,3872,14.1
2017-08,554699.7,4193,15.2
2017-09,607399.67,4150,9.5
2017-10,648247.65,4478,6.7
2017-11,987765.37,7289,52.4
2017-12,726033.19,5513,-26.5
2018-01,924645.0,7069,27.4
2018-02,826437.13,6555,-10.6
2018-03,953356.25,7003,15.4
2018-04,973534.09,6798,2.1
2018-05,977544.69,6749,0.4
2018-06,856077.86,6099,-12.4
2018-07,867953.46,6159,1.4
2018-08,838576.64,6351,-3.4
