year,order_month,revenue,year_to_date_revenue
2016,2016-09,134.97,134.97
2016,2016-10,40325.11,40460.08
2016,2016-12,10.9,40470.98
2017,2017-01,111798.36,111798.36
2017,2017-02,234223.4,346021.76
2017,2017-03,359198.85,705220.61
2017,2017-04,340669.68,1045890.29
2017,2017-05,489338.25,1535228.54
2017,2017-06,421923.37,1957151.91
2017,2017-07,481604.52,2438756.43
2017,2017-08,554699.7,2993456.13
2017,2017-09,607399.67,3600855.8
2017,2017-10,648247.65,4249103.45
2017,2017-11,987765.37,5236868.82
2017,2017-12,726033.19,5962902.01
2018,2018-01,924645.0,924645.0
2018,2018-02,826437.13,1751082.13
2018,2018-03,953356.25,2704438.38
2018,2018-04,973534.09,3677972.47
2018,2018-05,977544.69,4655517.16
2018,2018-06,856077.86,5511595.02
2018,2018-07,867953.46,6379548.48
2018,2018-08,838576.64,7218125.12
